{"name":"be47818d-aa35-49fb-a73d-90c73ac39cc5","id":"/providers/Microsoft.Flow/flows/be47818d-aa35-49fb-a73d-90c73ac39cc5","type":"Microsoft.Flow/flows","properties":{"apiId":"/providers/Microsoft.PowerApps/apis/shared_logicflows","displayName":"Case Solicitação de Férias","definition":{"metadata":{"workflowEntityId":null,"processAdvisorMetadata":null,"flowChargedByPaygo":null,"flowclientsuspensionreason":"None","flowclientsuspensiontime":null,"flowclientsuspensionreasondetails":null,"creator":{"id":"3e3911d3-8a4e-4a72-a1b6-388ff457a2ad","type":"User","tenantId":"da49a844-e2e3-40af-86a6-c3819d704f49"},"provisioningMethod":"FromDefinition","failureAlertSubscription":true,"clientLastModifiedTime":"2024-10-30T17:29:28.4680589Z","connectionKeySavedTimeKey":"2024-10-30T17:29:28.4680589Z"},"$schema":"https://schema.management.azure.com/providers/Microsoft.Logic/schemas/2016-06-01/workflowdefinition.json#","contentVersion":"1.0.0.0","parameters":{"$connections":{"defaultValue":{},"type":"Object"},"$authentication":{"defaultValue":{},"type":"SecureObject"}},"triggers":{"Quando_um_item_é_criado":{"recurrence":{"interval":5,"frequency":"Minute"},"splitOn":"@triggerOutputs()?['body/value']","metadata":{"operationMetadataId":"1a4860a7-6073-40bf-8f85-8a9e222c35a6"},"type":"OpenApiConnection","inputs":{"host":{"apiId":"/providers/Microsoft.PowerApps/apis/shared_sharepointonline","connectionName":"shared_sharepointonline","operationId":"GetOnNewItems"},"parameters":{"dataset":"https://liveestacio-my.sharepoint.com/personal/202309117258_alunos_ibmec_edu_br/_layouts/15/lists.aspx","table":"39f0e78c-c336-43a1-9eac-f3f9d2f35fc5"},"authentication":"@parameters('$authentication')"}}},"actions":{"Iniciar_e_aguardar_uma_aprovação":{"runAfter":{},"metadata":{"operationMetadataId":"8d6398e4-6d5e-42be-8507-ea43db6f7fc6"},"type":"OpenApiConnectionWebhook","inputs":{"host":{"apiId":"/providers/Microsoft.PowerApps/apis/shared_approvals","connectionName":"shared_approvals","operationId":"StartAndWaitForAnApproval"},"parameters":{"approvalType":"CustomResponse","WebhookApprovalCreationInput/responseOptions":["Aprovado","Reprovado"],"WebhookApprovalCreationInput/title":"Solicitação de Férias - @{triggerOutputs()?['body/NomeSolicitante']}","WebhookApprovalCreationInput/assignedTo":"202309117258@alunos.ibmec.edu.br;","WebhookApprovalCreationInput/enableNotifications":true,"WebhookApprovalCreationInput/enableReassignment":true},"authentication":"@parameters('$authentication')"}},"Condição":{"actions":{"Enviar_um_email_(V2)":{"runAfter":{},"metadata":{"operationMetadataId":"0378bb75-97de-43ef-8188-2a0007485aca"},"type":"OpenApiConnection","inputs":{"host":{"apiId":"/providers/Microsoft.PowerApps/apis/shared_office365","connectionName":"shared_office365","operationId":"SendEmailV2"},"parameters":{"emailMessage/To":"@triggerOutputs()?['body/Author/Email']","emailMessage/Subject":"Férias Aprovadas","emailMessage/Body":"<p>@{outputs('Aviso_Email')}</p>","emailMessage/Attachments":[{"Name":"Aviso de férias - @{triggerOutputs()?['body/NomeSolicitante']}.pdf","ContentBytes":"@body('Converter_arquivo')"}],"emailMessage/Importance":"Normal"},"authentication":"@parameters('$authentication')"}}},"runAfter":{"Converter_arquivo":["Succeeded"]},"else":{"actions":{"Enviar_um_email_(V2)_2":{"runAfter":{},"metadata":{"operationMetadataId":"2af39345-17e0-46b7-bfbe-def852fe2f71"},"type":"OpenApiConnection","inputs":{"host":{"apiId":"/providers/Microsoft.PowerApps/apis/shared_office365","connectionName":"shared_office365","operationId":"SendEmailV2"},"parameters":{"emailMessage/To":"@triggerOutputs()?['body/Author/Email']","emailMessage/Subject":"Férias Reprovadas","emailMessage/Body":"<p>Suas Férias foram reprovadas</p>","emailMessage/Importance":"Normal"},"authentication":"@parameters('$authentication')"}}}},"expression":{"equals":["@outputs('Iniciar_e_aguardar_uma_aprovação')?['body/outcome']","Aprovado"]},"metadata":{"operationMetadataId":"7b229d6f-05bf-4f51-820a-70132bafa937"},"type":"If"},"Atualizar_item":{"runAfter":{"Condição":["Succeeded"]},"metadata":{"operationMetadataId":"0f3ca3b1-ab66-48aa-b6d5-54662c849788"},"type":"OpenApiConnection","inputs":{"host":{"apiId":"/providers/Microsoft.PowerApps/apis/shared_sharepointonline","connectionName":"shared_sharepointonline","operationId":"PatchItem"},"parameters":{"dataset":"https://liveestacio-my.sharepoint.com/personal/202309117258_alunos_ibmec_edu_br/_layouts/15/lists.aspx","table":"39f0e78c-c336-43a1-9eac-f3f9d2f35fc5","id":"@triggerOutputs()?['body/ID']","item/SaldoInicial":30,"item/Status":"@outputs('Iniciar_e_aguardar_uma_aprovação')?['body/outcome']"},"authentication":"@parameters('$authentication')"}},"Aviso_Email":{"runAfter":{"Iniciar_e_aguardar_uma_aprovação":["Succeeded"]},"metadata":{"operationMetadataId":"ec2ecbef-f09a-416b-8cc6-651cbab62813"},"type":"Compose","inputs":"<!DOCTYPE html>\n<html>\n<head>\n    <style>\n        body {\n            font-family: Arial, sans-serif;\n            color: #333;\n            line-height: 1.6;\n        }\n        .content {\n            max-width: 600px;\n            margin: auto;\n            padding: 20px;\n            background-color: #f9f9f9;\n            border: 1px solid #ddd;\n            border-radius: 8px;\n        }\n        h2 {\n            color: #0056b3;\n        }\n        .details {\n            margin-bottom: 15px;\n        }\n    </style>\n</head>\n<body>\n    <div class=\"content\">\n        <h2>AVISO DE FÉRIAS</h2>\n        <p>Prezada(o) @{triggerOutputs()?['body/NomeSolicitante']},</p>\n        \n        <p>Espero que esta mensagem o(a) encontre bem.</p>\n        \n        <p>Gostaríamos de informar que suas férias foram aprovadas. Seguem os detalhes para sua referência:</p>\n        \n        <div class=\"details\">\n            <p><strong>Período das Férias:</strong> @{formatDateTime(triggerOutputs()?['body/DataInicial'], 'dd/MM/yyyy')} a @{formatDateTime(triggerOutputs()?['body/DataFinal'], 'dd/MM/yyyy')} </p>\n            <p><strong>Quantidade de dias:</strong> @{triggerOutputs()?['body/QtdDias']}</p>\n            <p><strong>Abono:</strong> @{triggerOutputs()?['body/Abono']}</p>\n            <p><strong>Adiant. 13º:</strong> @{triggerOutputs()?['body/Adiant_x002e_13o']}</p>\n        </div>\n        \n        <p>Durante o período em que estiver ausente, por favor, certifique-se de deixar suas tarefas organizadas e de comunicar qualquer pendência importante ao seu colega substituto para garantir que suas responsabilidades sejam cobertas.</p>\n        \n        <p>Se houver alguma alteração ou necessidade de ajuste nas datas, entre em contato conosco o quanto antes para que possamos fazer as devidas providências.</p>\n        \n        <p>Aproveite bem seu período de descanso e retorno renovado!</p>\n        \n        <p>São Paulo, @{formatDateTime(utcNow(), 'dd')} de @{formatDateTime(utcNow(), 'MMMM', 'pt-br')} de @{formatDateTime(utcNow(), 'yyyy')}</p>\n    </div>\n</body>\n</html>\n"},"Criar_arquivo_HTML":{"runAfter":{"Aviso_Email":["Succeeded"]},"metadata":{"operationMetadataId":"795fa47c-e49e-4e5e-bdf8-9b5b561d9b5f"},"type":"OpenApiConnection","inputs":{"host":{"apiId":"/providers/Microsoft.PowerApps/apis/shared_onedriveforbusiness","connectionName":"shared_onedriveforbusiness","operationId":"CreateFile"},"parameters":{"folderPath":"/Aviso Férias","name":"Aviso de Ferias_@{utcNow()}.html","body":"@outputs('Aviso_Email')"},"authentication":"@parameters('$authentication')"},"runtimeConfiguration":{"contentTransfer":{"transferMode":"Chunked"}}},"Converter_arquivo":{"runAfter":{"Criar_arquivo_HTML":["Succeeded"]},"metadata":{"operationMetadataId":"d9c7c00a-19fc-4b34-95ce-3fdc317f704a"},"type":"OpenApiConnection","inputs":{"host":{"apiId":"/providers/Microsoft.PowerApps/apis/shared_onedriveforbusiness","connectionName":"shared_onedriveforbusiness","operationId":"ConvertFile"},"parameters":{"id":"@outputs('Criar_arquivo_HTML')?['body/Id']","type":"PDF"},"authentication":"@parameters('$authentication')"}}}},"connectionReferences":{"shared_sharepointonline":{"connectionName":"shared-sharepointonl-63c0b6cb-23f8-4fea-bd12-991614fe9f49","source":"Embedded","id":"/providers/Microsoft.PowerApps/apis/shared_sharepointonline","tier":"NotSpecified"},"shared_approvals":{"connectionName":"shared-approvals-4f6aecb5-6f76-4469-80d7-327fe173fd56","source":"Embedded","id":"/providers/Microsoft.PowerApps/apis/shared_approvals","tier":"NotSpecified"},"shared_office365":{"connectionName":"shared-office365-d5229a0d-4bb2-4ea7-a31f-33721e5e896b","source":"Embedded","id":"/providers/Microsoft.PowerApps/apis/shared_office365","tier":"NotSpecified"},"shared_onedriveforbusiness":{"connectionName":"shared-onedriveforbu-2e7cd938-51fe-4181-9615-72aba23ce712","source":"Embedded","id":"/providers/Microsoft.PowerApps/apis/shared_onedriveforbusiness","tier":"NotSpecified"}},"flowFailureAlertSubscribed":false,"isManaged":false}}