{"schemaVersion":"1.0","appDefinitionTemplate":{"id":"/providers/Microsoft.PowerApps/apps/","type":"Microsoft.PowerApps/apps","tags":{"primaryDeviceWidth":"640","primaryDeviceHeight":"1136","supportsPortrait":"true","supportsLandscape":"true","primaryFormFactor":"Phone","showStatusBar":"false","publisherVersion":"3.24102.17","minimumRequiredApiVersion":"2.2.0","hasComponent":"false","hasUnlockedComponent":"false","isUnifiedRootApp":"false","sienaVersion":"20241031T174443Z-3.24102.17.0"},"properties":{"appVersion":"2024-10-31T17:44:43Z","lifeCycleId":"Published","createdByClientVersion":{"major":3,"minor":24102,"build":17,"revision":0,"majorRevision":0,"minorRevision":0},"minClientVersion":{"major":3,"minor":24102,"build":17,"revision":0,"majorRevision":0,"minorRevision":0},"backgroundColor":"RGBA(0,176,240,1)","backgroundImageUri":"/834922768840632889/N23ac4566-d7e9-4c81-bf6d-9dc4723015d3-logoSmallFile","displayName":"Case Solicitação de Férias","description":"","commitMessage":"","appUris":{"documentUri":{"value":"/834922768840632889/Nee9b52ce-9289-4a22-9992-9ab5b7040b2c-document.msapp"},"imageUris":[],"additionalUris":[{"isSolutionAware":false,"value":"/834922768840632889/Na46be530-9f8c-4c56-9f97-11d5a24d8b1b-identity.json"}]},"createdTime":"0001-01-01T00:00:00Z","lastModifiedTime":"0001-01-01T00:00:00Z","sharedGroupsCount":0,"sharedUsersCount":0,"connectionReferences":{"2e7384ae-3830-45f1-91ab-50196ede36ab":{"id":"7fb70794-7fbc-4a58-b0f9-d347cd7f3cdb","displayName":"SharePoint","iconUri":"https://connectoricons-prod.azureedge.net/u/jayawan/releases/v1.0.1697/1.0.1697.3786/sharepointonline/icon.png","dataSources":["Base app solicitação férias"],"dependencies":[],"dependents":[],"parameterHints":{},"parameterHintsV2":{},"isOnPremiseConnection":false,"bypassConsent":false,"dataSets":{"https://liveestacio-my.sharepoint.com/personal/202309117258_alunos_ibmec_edu_br":{"dataSources":{"Base app solicitação férias":{"tableName":"39f0e78c-c336-43a1-9eac-f3f9d2f35fc5"}}}},"apiTier":"Standard","isCustomApiConnection":false,"actions":["providers/PowerPlatform.Governance/Operations/Read","providers/PowerPlatform.Governance/Operations/Write"]}},"databaseReferences":{},"almMode":"Environment","performanceOptimizationEnabled":false,"canConsumeAppPass":false,"enableModernRuntimeMode":false,"executionRestrictions":{"isTeamsOnly":false,"dataLossPreventionEvaluationResult":{"status":"Compliant","lastEvaluationDate":"2024-10-29T21:44:25.4193283Z","violations":[],"violationsByPolicy":[],"violationErrorMessage":"O aplicativo usa os seguintes conectores: ."}}},"appType":"ClassicCanvasApp","appComponents":[]}}